"year","r","conf_low","conf_high","p_value"
2011,0.20293483424073,0.199581859244875,0.206283057029814,0
2012,0.188067966406142,0.184573177186258,0.191557999707346,0
